Email,First Name,Last Name,Residential Address Street,Residential Address Locality,Residential Address State,Residential Address Postcode,Postal Address Street,Postal Address Locality,Postal Address State,Postal Address Postcode,latitude,longitude
lindsay_bradtke@gmail.com,Georgia,Stewart,650 Harris Summit,ARCTURUS,QLD,4722,477 Jasmine Circle,ALDINGA,SA,5173,41.10084,-81.5165817
odell.king@hotmail.com,Natalie,Smith,545 Summer Avenue,ALVIE,VIC,3249,5454 Koss Track,ANABRANCH SOUTH,NSW,2648,39.4750469,-75.0249714
carlos@hotmail.com,Cameron,Schneider,46 Becker Summit,ALLANSFORD,VIC,3277,3137 Lakin Station St,ALLANS FLAT,VIC,3691,41.0329156,-81.4877136
linsey.blanda@hotmail.com,Mia,Flatley,15 Hannah Circle,ARMADALE,WA,6112,696 Jenkins Parkway,AMBERLEY,QLD,4306,41.6255462,-70.4418115
arthur@yahoo.com,Owen,Carter,9300 Moss Run,ANKETELL,WA,6167,99 Levi Summit,ADARE,QLD,4343,39.4736852,-81.3148386
barrett@yahoo.com,Ashley,Green,5023 Nader Lane,ANDAMOOKA,SA,5722,92 Bergstrom Run,ANTONYMYRE,WA,6714,28.5555976,-80.8319179
karl@yahoo.com,Alexandra,Clarke,6591 Natalie Meadow,ARROWSMITH,WA,6525,8719 Adams Place,ANSONS BAY,TAS,7264,33.33704,-102.20657
karyn.kub@gmail.com,Samantha,Champlin,79 Eve Pass,ADARE,QLD,4343,67 Erdman Island,AUGATHELLA,QLD,4477,47.2411429,-2.2672308
mackenzie_auer@gmail.com,Cameron,Haley,351 Heidi Court,ALPHINGTON,VIC,3078,460 Mccullough Manor,AIRVILLE,QLD,4807,42.8171641,-89.6440354
colton_tromp@gmail.com,Darcy,Waters,8540 Charli Summit,AIRLIE BEACH,QLD,4802,376 Williamson Hill,ARTHUR RIVER,WA,6315,40.74149,-74.35959
julian@yahoo.com,Luke,Dare,544 Sanford Pass,AYLMERTON,NSW,2575,715 Tremblay Street,ARTHUR RIVER,TAS,7330,40.9561953,-122.520482
sandee@yahoo.com,Blake,Feeney,2442 Grimes Island,ASHMONT,NSW,2650,174 Isabelle Track,AVISFORD,NSW,2850,39.0691652,-121.8966944
camille_hintz@yahoo.com,William,Walter,4945 Chloe Parkway,MILLERBURGH,NSW,1270,93 Maya Lane,NATESIDE,ACT,6202,38.49602,-121.45884
twila_morar@yahoo.com,Bella,Lockman,8813 Emily Meadow,ARMSTRONG CREEK,VIC,3217,74 Ali Circuit,ALLWORTH,NSW,2425,33.33704,-102.20657
maryjo@yahoo.com,Lucy,Stokes,888 Mackenzie Ridge,AARONS PASS,NSW,2850,7423 Crooks Crest,ADAMSTOWN,NSW,2289,42.4447207,-90.7085763
phillip@gmail.com,Archie,Barton,41 Taylor View Rd,ANGLEDOOL,NSW,2834,796 Madison Crest,ALMONDS,VIC,3727,36.6683985,-80.1928878
sol@gmail.com,Jett,Monahan,8845 Braun Hill,ARMADALE,WA,6112,61 Emily Place,ANAMBAH,NSW,2320,35.954037,-85.0220871
aileen.berge@yahoo.com,Phoebe,Dare,823 O'neill Place,ALLENS RIVULET,TAS,7150,58 Walsh Trail,ARAKOON,NSW,2431,-21.1548871,148.9557745
ozie.herzog@gmail.com,Lachlan,Howell,91 Samantha Parkway,ADAMS ESTATE,VIC,3984,9367 Smyth Way,ALBANY,WA,6330,38.49602,-121.45884
deane_donnelly@gmail.com,Alexander,Walker,25 Grace Crescent,APPILA,SA,5480,8683 Leffler Boulevard,ANDERGROVE,QLD,4740,52.2055668,0.0037511
ona@hotmail.com,Summer,Hand,24 Matilda Station St,ARCOONA,SA,5720,81 Bayer Loop,ABINGTON,QLD,4660,55.9613167,-4.8169342
oren.west@yahoo.com,Archie,Douglas,15 Alyssa Street,ALBION PARK RAIL,NSW,2527,2907 Isabelle Terrace,ABERFOYLE PARK,SA,5159,-37.6473784,144.8737758
todd@yahoo.com,Riley,West,2122 Goodwin Avenue,ARCADIA SOUTH,VIC,3631,2782 Carroll Street,ABERCORN,QLD,4627,38.2953066,-122.6804092
loreta.bernier@hotmail.com,Audrey,Rohan,264 Maya Station St,APPLECROSS,WA,6153,770 Mason Plaza,AITKENVALE,QLD,4814,-20.7627481,116.7421272
major_hermann@hotmail.com,Natalie,Hammes,33 Durgan Circle,AREEGRA,VIC,3480,1531 Victoria Parade,ARMIDALE,NSW,2350,47.41667,-105.59222
hunter@gmail.com,Edward,Parisian,62 Lachlan Run,ARKAROOLA VILLAGE,SA,5732,201 Khan Street,ANTIGUA,QLD,4650,-33.2945255,146.5631023
lanny.fay@gmail.com,Marcus,Kutch,2245 Jett Square,ARDROSSAN,SA,5571,7267 Chelsea Loop,ARCADIA,QLD,4819,33.9055688,-84.2636857
ruthie@yahoo.com,Eli,Wood,157 Amy Crest,ASHBOURNE,VIC,3442,8970 Eve Terrace,AURUKUN,QLD,4892,42.5995767,-83.477786
lamont@hotmail.com,Sarah,Boyle,3934 Levi Meadow,ALBION,QLD,4010,33 Oliver Estate Dr,ARTHURS CREEK,VIC,3099,33.33704,-102.20657
tod@yahoo.com,Abbey,Wilderman,77 Lowe Lane,ANTONYMYRE,WA,6714,183 Hugo Pass,ALAWOONA,SA,5311,46.3954382,-62.9741177
shantell@hotmail.com,Gemma,Cox,31 Sam Track,AUSTINS FERRY,TAS,7011,18 Skye Parade,ANTONYMYRE,WA,6714,-37.440337,143.4158659
alton@gmail.com,Jessica,James,2317 Emma Plaza,NORTH LINCOLNSTAD,QLD,6756,94 Henry Court,DANIELHAVEN,WA,1267,-36.8564127,-73.1400003
karin@gmail.com,Alice,Nolan,819 Oliver Circuit,ARMSTRONG CREEK,QLD,4520,418 Berge Crescent,AKAROA,TAS,7216,54.259201,-0.410677
victor.bailey@gmail.com,Archie,Macdonald,83 Nader Drive,EMMASIDE,WA,9254,2626 Reid Island,MADISONFURT,SA,8674,33.2864984,-111.9643022
nicolas@gmail.com,Lachlan,Beahan,40 Harber Ridge,ARCADIA SOUTH,VIC,3631,17 Justin Road,ARGENTON,NSW,2284,40.89399,-72.89594
anthony_collier@hotmail.com,Heidi,Hackett,105 Alex Junction,ANAMBAH,NSW,2320,43 Nicholas Street,ARAMARA,QLD,4620,30.48936,-99.77201
julene_stiedemann@gmail.com,Stella,Garden,61 Turcotte Boulevard,ASHFIELD,QLD,4670,98 Green Track,ARDMONA,VIC,3629,32.66367,-116.27363
robert@hotmail.com,Nathan,Davies,778 Nicolas Summit,ASHBOURNE,VIC,3442,72 Kovacek Ridge,ASHWOOD,VIC,3147,40.74149,-74.35959
sudie.kertzmann@hotmail.com,Tyler,Hand,17 Ashley Mall,ARALUEN,QLD,4570,51 Madison Mall,APPILA,SA,5480,41.2451817,-75.8417512
shad@gmail.com,Audrey,Sanford,393 Layla Way,ADELONG,NSW,2729,9059 Matthew Road,ARGOON,NSW,2707,32.5713975,-117.0427871
booker.roberts@gmail.com,Claudia,Borer,330 Angelina Avenue,ARGYLL,QLD,4721,126 D'amore Road,ADAMS ESTATE,VIC,3984,37.7649743,-121.5391073
emelda.hoeger@yahoo.com,Willow,O'hara,21 Paterson Street,ALISON,NSW,2259,1866 Patel Mall,APPIN,NSW,2560,-36.0869401,145.4475933
olin_okon@gmail.com,Elijah,Sanford,42 Hunter Pass,ALTON DOWNS,QLD,4702,91 Johnston Parade,ASHFIELD,WA,6054,32.8392515,-116.8132371
herbert@gmail.com,Christian,Schroeder,5439 Grimes Estate Dr,AMAMOOR,QLD,4570,81 Luca Loop,ALLEENA,NSW,2671,-26.6323654,152.9351137
ramiro.predovic@hotmail.com,Mackenzie,Wolf,2228 Isaac Crest,ARDROSSAN,SA,5571,829 Sophie Crescent,ARCHER RIVER,QLD,4892,33.0979067,-96.7923854
sheree.mertz@gmail.com,Summer,Spencer,6875 Kelly Knoll,ASHMONT,NSW,2650,147 Hill Crescent,ANGLE PARK,SA,5010,34.173331,-118.9357896
darnell@yahoo.com,Logan,Connelly,93 Flatley Boulevard,ADAMSTOWN HEIGHTS,NSW,2289,458 Isabel Crest,ACTON,ACT,2601,32.66367,-116.27363
adan.crist@hotmail.com,Lachlan,Smyth,2950 Hamish Crescent,ALMA,VIC,3465,27 Phoebe View Rd,ALLESTREE,VIC,3305,-33.3992987,151.3486734
afton@hotmail.com,Abigail,Bayer,21 Holly Parkway,APPLETHORPE,QLD,4378,6815 Bella Run,ALLENVIEW,QLD,4285,39.6665747,-74.9752724
shellie@gmail.com,Sienna,Connelly,445 Mia Loop,ARDATH,WA,6419,2469 Scott Drive,ANNANDALE,NSW,2038,32.91537,-102.41602
terresa.torp@hotmail.com,Archie,Dooley,25 King Estate Dr,AUSTRALIND,WA,6233,539 Gutmann Parkway,AVENELL HEIGHTS,QLD,4670,39.1893729,-95.3829279
samual@yahoo.com,Daniel,Bode,50 Kris Terrace,ASPENDALE GARDENS,VIC,3195,21 Beau Circle,ARGYLE,WA,6239,39.16024,-84.3158628
derek@yahoo.com,Anthony,Brown,5261 Adam View Rd,ABBEY,WA,6280,6795 Miller Meadow,ALDOGA,QLD,4694,1.3248204,103.8172107
esteban.block@hotmail.com,Charlotte,Bogan,396 Cole Street,PORT LUCY,TAS,9675,83 Wilkinson Circle,ETHANTON,NT,8543,39.6617837,-78.7520244
bradly.shields@yahoo.com,Imogen,Graham,912 Barton View Rd,ALEXANDRA,VIC,3714,46 Alex Knoll,AWABA,NSW,2283,43.4970872,-88.1616866
kathrine@gmail.com,Isabelle,O'connell,8331 Evie Crescent,AUSTRALIA PLAINS,SA,5374,531 Bailey Junction,ABBOTSFORD,QLD,4670,41.365,-95.85807
valentine@yahoo.com,Paige,Mclaughlin,639 George Manor,AMBERLEY,QLD,4306,1259 Hand Meadow,ARMSTRONG CREEK,QLD,4520,43.249389,-79.0815832
chas@gmail.com,Charlie,Muller,5719 Lowe Ridge,ALBION PARK RAIL,NSW,2527,917 Evie Estate Dr,AUSTRAL,NSW,2179,44.8547364,-123.8561834
gala@hotmail.com,Angus,Bergstrom,7612 Isabel Hill,ALBION,VIC,3020,8793 Campbell Manor,ASHFIELD,WA,6054,51.4133311,-0.3686172
bailey.altenwerth@hotmail.com,Owen,Turcotte,362 Mason Track,ARCHIES CREEK,VIC,3995,3505 Morrison Hill,AGNES,VIC,3962,-37.9805849,146.0362131
mamie.grady@gmail.com,Mitchell,Jacobs,24 Gutmann Loop,ALLEENA,NSW,2671,4888 Mayer Road,ALLANSFORD,VIC,3277,32.91537,-102.41602
rolland@gmail.com,Molly,Baumbach,120 Lakin Boulevard,AMERICAN BEACH,SA,5222,93 Hansen Loop,ALLAMBEE SOUTH,VIC,3871,37.9405719,-101.267758
sulema@gmail.com,Lincoln,Hamilton,2180 Windler Terrace,ALLIGATOR CREEK,QLD,4740,72 Howe Crest,ARTHURTON,SA,5572,54.51634,-128.60345
branden.abshire@hotmail.com,Claudia,Moore,82 Hughes Crescent,ALLEENA,NSW,2671,20 Macdonald Plaza,ALVA,QLD,4807,51.0103495,-93.81017
jewel_altenwerth@gmail.com,Samuel,Kemmer,77 Natalie Circle,ANNANGROVE,NSW,2156,74 Dare Terrace,ADJUNGBILLY,NSW,2727,38.2423977,-122.6376714
sharika_jacobi@yahoo.com,Blake,Hughes,60 Ryan Parade,ASHENDON,WA,6111,76 Madison Circuit,ANDO,NSW,2631,-20.7080589,139.5063893
jed@hotmail.com,Cooper,Richards,63 Emma Mews,ALBION,QLD,4010,4599 Fay Track,ARMSTRONG CREEK,QLD,4520,51.8003037,-0.6605127
annett.prosacco@yahoo.com,Lauren,Jacobs,736 Kunde Boulevard,SOUTH ANDREWCHESTER,VIC,7302,5376 Eva Drive,NGUYENTOWN,QLD,6332,32.66367,-116.27363
laci@gmail.com,Kayla,Larkin,432 Finn Meadow,ANSTEAD,QLD,4070,7069 Gibson Circuit,AXE CREEK,VIC,3551,52.2826645,-7.3116225
donovan@hotmail.com,Jackson,Hermiston,780 Robinson Square,HAMISHVIEW,SA,3349,121 Rutherford Manor,PORT MADELINEFURT,TAS,1000,40.5505043,-111.8471556
theda_kihn@yahoo.com,Charlie,Ebert,7979 Lucy Junction,ALVA,QLD,4807,87 Kreiger Circuit,AUSTINVILLE,QLD,4213,35.2893225,-89.9416767
shannon_lindgren@yahoo.com,Jessica,Quinn,22 Price Meadow,ALLANSON,WA,6225,877 Claudia Island,ASQUITH,NSW,2077,51.7676008,-1.5774957
celestine@gmail.com,Emily,Walter,926 Wood Crescent,ARATULA,NSW,2714,7413 Reynolds Lane,ANDROMACHE,QLD,4800,-12.5092399,130.9878468
casimira@gmail.com,Ava,Davies,2544 Schmitt Circle,ABBEY,WA,6280,1133 Alexandra Summit,ALTONA,SA,5351,39.7597841,-85.9558498
alishia.wiegand@gmail.com,Hayden,Walker,8851 Wood Track,ARALUEN,QLD,4570,3147 Hyatt Island,ALFREDTOWN,NSW,2650,-33.2974153,138.5476346
suzanna.adams@gmail.com,Oliver,Stokes,2216 Smith Circuit,GREENHOLTMOUTH,SA,5525,2582 Ferry Pass,MATTHEWFORT,ACT,5697,-35.4471614,149.0941684
lashaun@yahoo.com,Alexandra,Hettinger,21 O'hara Grove,PORT MIA,SA,7827,528 Hackett Circle,BODELAND,TAS,5368,32.791238,-80.0481964
dominique@hotmail.com,Gemma,Wright,64 Morrison Place,ARDROSSAN,SA,5571,7602 Hudson Parade,ADAVALE,QLD,4474,40.7599851,-73.0227637
phylicia@hotmail.com,Xavier,Mckenzie,35 Violet Island,ANGAS PLAINS,SA,5255,41 Charlotte Mews,ABERGLASSLYN,NSW,2320,42.2644206,-71.1799487
abram_christiansen@gmail.com,Amelie,Parker,2554 Mckenzie Estate Dr,ALBION,QLD,4822,8073 Ava Manor,AUSTRAL EDEN,NSW,2440,50.9212439,-113.9696293
belen@hotmail.com,Ali,Tremblay,80 Hunter Parade,ARGOON,QLD,4702,96 Lucy Station St,ANTONYMYRE,WA,6714,51.3801502,-2.3553537
arletta_mosciski@gmail.com,Kiara,King,77 Archie Loop,AIRDS,NSW,2560,10 Campbell Crescent,ASCOT,QLD,4360,40.3748065,-111.5732147
tiera@gmail.com,Joel,Kohler,2032 Olivia Junction,AMERICAN RIVER,SA,5221,7446 Muller Square,ALDAVILLA,NSW,2440,37.8316193,-85.9326786
darron@yahoo.com,Luca,Mckenzie,1926 Smitham Way,SOUTH ELLABURGH,NT,6250,23 Kovacek Way,STEPHANIESHIRE,NSW,1564,39.8538,-80.22287
jon.ullrich@hotmail.com,Scarlett,Collier,110 Watson Junction,ARGYLE,VIC,3523,320 Sarah Avenue,ALDGATE,SA,5154,33.7998692,-118.2537886
glennis@yahoo.com,Audrey,Bogan,77 Baumbach Crest,AVALON,VIC,3212,908 Mccullough Drive,AITKENVALE,QLD,4814,-31.0028235,30.2602193
bennie@hotmail.com,Lillian,Parisian,8179 Bosco Terrace,AVALON,VIC,3212,946 Sam Avenue,ALTONA,VIC,3018,55.8414124,-4.2435363
lizzie_deckow@gmail.com,Mikayla,Patel,252 Mason Hill,ARGYLE,VIC,3523,8792 Marcus Street,ACTON PARK,WA,6280,35.4414427,-83.4709151
lauran@hotmail.com,Claudia,Parisian,34 Ward Crest,ASHCROFT,NSW,2168,59 D'amore Terrace,ALBION PARK,NSW,2527,40.9640681,-73.7762119
regan.adams@yahoo.com,Oscar,Jackson,8772 Savannah Lane,AULDANA,SA,5072,435 Patel Pass,ARDROSS,WA,6153,32.6736397,-97.4298979
debroah.hayes@yahoo.com,Lily,Green,3010 Abbey Crest,ALFREDTON,VIC,3350,5451 Jacobs Circle,ARGALONG,NSW,2720,34.2107531,-84.3385149
karren@gmail.com,Elijah,Fisher,731 Rodriguez Place,ARALUEN,NSW,2622,534 Mikayla Way,ARTHURS LAKE,TAS,7030,34.6339733,-92.9269536
jerrell_kemmer@yahoo.com,Finn,Walker,167 Chelsea Ridge,TURNERCHESTER,TAS,5574,34 Anderson Track,EAST SAVANNAH,NSW,4663,36.2657537,-80.3509474
rosendo_schaefer@yahoo.com,Levi,Davis,6171 Eve Knoll,AMITY,QLD,4183,149 Harvey Island,AUCHMORE,VIC,3570,56.5848616,-61.4370811
corazon_turcotte@yahoo.com,Chelsea,Beier,9542 Bella Lane,ANAMA,SA,5464,153 Patrick Pass,ANKETELL,WA,6167,32.9322783,-96.845977
donte_vonrueden@hotmail.com,Benjamin,Mills,119 Rose Mall,AEROGLEN,QLD,4870,99 Thomas Drive,ABBOTSFORD,NSW,2046,35.7576912,51.2208144
simona@yahoo.com,Eli,Cole,24 Ivy Parkway,ALTON DOWNS,QLD,4702,297 Crooks Place,AVENELL HEIGHTS,QLD,4670,41.1886187,-74.0286597
brooks@yahoo.com,Charli,Mueller,80 Andrew Hill,ANNUELLO,VIC,3549,6701 Kessler Run,ACLAND,QLD,4401,43.8614468,-79.5603128
donte@yahoo.com,Kayla,Schmitt,1096 Smitham Street,APOINGA,SA,5413,553 Justin Parkway,ANTIGUA,QLD,4650,-34.7305855,138.6698968
theodore@hotmail.com,Jade,Barton,53 Murphy Knoll,ATTUNGA,NSW,2345,3760 Caitlin Street,AMBY,QLD,4462,33.0290312,-96.6000301
max@gmail.com,Zara,Gleason,2839 Anna Parkway,ALTONA NORTH,VIC,3025,7742 Bailey Street,ALLAWAH,NSW,2218,38.2002419,-77.6074378
renaldo.kirlin@hotmail.com,Lachlan,Bruen,3506 Lynch Boulevard,AUBURN,NSW,2144,18 Elijah Lane,AVON,SA,5501,41.4317477,-79.6827972
savannah@hotmail.com,Paige,Rodriguez,95 Martin Circuit,AVON,NSW,2574,264 William Road,ANABRANCH SOUTH,NSW,2648,-32.6587565,152.1491095
martin@gmail.com,Amelie,Davis,146 Ryan Street,EAST HENRYLAND,WA,1843,733 Leffler Knoll,REESMOUTH,QLD,8304,-37.5518311,143.9052925
gaylord.crist@gmail.com,Skye,Williamson,74 Jordan Grove,ABERGOWRIE,QLD,4850,13 Kayla Estate Dr,ALMA,SA,5401,31.4765643,-86.3948906
sid@gmail.com,Mia,Tromp,9403 Brown Track,ASHMONT,NSW,2650,611 Oscar Manor,ANGLE PARK,SA,5010,-37.1163858,143.9830836
heidi_gerhold@yahoo.com,Molly,Sanford,756 Huel Manor,ATTWOOD,VIC,3049,3371 Heaney Lane,ALLENS RIVULET,TAS,7150,30.34076,-97.55695
jacques_halvorson@yahoo.com,Hamish,Emmerich,93 Kirlin Avenue,ASCOT,QLD,4007,17 Jasmine Island,AMITY,QLD,4183,42.3428067,-83.0126201
andera@yahoo.com,Madeline,Grant,98 Ella Road,ABBEY,WA,6280,399 D'amore Hill,ARAWATA,VIC,3951,41.047761,-74.68285
dick.herzog@yahoo.com,Leo,Gibson,420 Isabel Run,APSLAWN,TAS,7190,46 Isabella Place,AVON,SA,5501,37.7506182,-121.4586176
shandi@yahoo.com,Gemma,Little,176 Hermann Meadow,ALICE CREEK,QLD,4610,958 Charles Lane,ASHBOURNE,VIC,3442,29.7083506,-95.3794905
harvey.sawayn@yahoo.com,Lola,Larson,1756 Rees Street,ASCOT,QLD,4360,4627 Thomas Road,ALLENDALE EAST,SA,5291,30.2876996,-91.9089457
reyna@yahoo.com,Chloe,Reynolds,4926 Murphy Road,ARRAWARRA,NSW,2456,873 Welch Junction,ALBION PARK,NSW,2527,37.1444485,-82.1866316
rex_hermiston@yahoo.com,Summer,Barton,98 Greenfelder Summit,AVOCA,TAS,7213,87 Hannah Lane,ALLORA,QLD,4362,40.74149,-74.35959
chiquita@gmail.com,Jasper,Phillips,55 Andrew Crescent,ADELAIDE PARK,QLD,4703,5816 Zac Street,ACHERON,VIC,3714,53.7140803,-1.5039868
anna@gmail.com,James,Hansen,75 Matthew Track,ANAMA,SA,5464,3120 Skye Station St,ASHGROVE,QLD,4060,-37.1893173,142.3000207
arlen_strosin@gmail.com,William,Tromp,351 Phillips Loop,ALLENDALE,VIC,3364,8453 Michael Crescent,ADJUNGBILLY,NSW,2727,33.2328514,-88.5782101
raymond_kutch@gmail.com,Audrey,Barrows,51 Mia Track,ARCADIA SOUTH,VIC,3631,4936 Daniel Court,ANDREWS FARM,SA,5114,-37.0529329,144.0784831
alona@gmail.com,Phoenix,Muller,912 Thompson Circle,ALFRED COVE,WA,6154,29 Hannah Place,ASHMONT,NSW,2650,38.6473101,-121.1482824
karan@hotmail.com,Lachlan,Thomson,62 Mueller Run,APPLEBY,NSW,2340,797 Isabella Terrace,ANGLERS REST,VIC,3898,38.4397442,-89.8489598
glenn_robel@gmail.com,Beau,Gibson,487 Lincoln Mews,AVON,SA,5501,8110 Samantha Mall,ADAVALE,QLD,4474,-37.796496,144.9228235
gus@gmail.com,Amelia,Stanton,396 Emma Mews,ASHBOURNE,VIC,3442,712 Max Mews,ASPENDALE GARDENS,VIC,3195,51.8003037,-0.6605127
karma.stanton@hotmail.com,Toby,Kovacek,9826 Adam Parkway,ANAKIE,VIC,3213,33 Stokes Court,ACHERON,VIC,3714,33.1693045,-96.4884152
marcella_buckridge@yahoo.com,Jasper,Hall,157 Jacob Summit,ARMSTRONG BEACH,QLD,4737,66 Anthony Avenue,ABBEYWOOD,QLD,4613,38.7115397,-90.5951245
steve.nitzsche@gmail.com,Sarah,Shields,34 Kreiger Circle,ALLEENA,NSW,2671,378 Molly Manor,APPLEBY,NSW,2340,47.41667,-105.59222
bernardina.nienow@gmail.com,Maddison,Little,31 Thompson Manor,ALTONA,VIC,3018,424 Borer View Rd,ALBERTON,QLD,4207,41.6598328,-74.7040225
fidel@yahoo.com,Lucas,Tillman,4985 Bosco Trail,ANTIGUA,QLD,4650,2447 Piper Square,AVONDALE,QLD,4670,46.1635441,9.5704751
sonya@hotmail.com,Victoria,Kiehn,30 Dooley Square,AVONSLEIGH,VIC,3782,55 Kai Mews,AUBIN GROVE,WA,6164,39.9115734,-83.0984108
lamont.damore@gmail.com,Sophia,O'conner,3282 Thompson Parade,BRUENBURGH,ACT,5930,3258 Olivia Grove,NEW ETHANTON,NSW,8679,-34.3179224,150.9181103
emely_daniel@yahoo.com,Bella,Hayes,3364 Dickinson Station St,ASHFIELD,QLD,4670,8704 Holly Square,AMELUP,WA,6338,29.4631452,-95.0423282
janiece.simonis@hotmail.com,Heidi,Huel,8016 Hyatt Way,SOUTH GEORGE,NSW,1220,33 Michael Junction,MATTHEWBOROUGH,QLD,5439,39.3485527,-121.1016003
blanch@yahoo.com,Ryan,Macdonald,767 Isabel Boulevard,ASHENDON,WA,6111,977 Huel Way,ACTON PARK,WA,6280,26.1021118,-97.2915996
carrol@yahoo.com,Elijah,Hessel,757 Adam Junction,ALBERTON,TAS,7263,90 Wilkinson Plaza,AVOCA,TAS,7213,37.7405893,-121.4267931
modesto_hagenes@gmail.com,Stephanie,O'connell,803 Hane Loop,AYLMERTON,NSW,2575,5675 Lewis Circle,ADELONG,NSW,2729,32.91537,-102.41602
kermit@gmail.com,Declan,Harber,7328 Graham Square,ANGELO RIVER,WA,6642,420 Imogen Avenue,ANGOURIE,NSW,2464,41.1644586,-81.4794295
gene@hotmail.com,Aidan,Davies,471 Lucy Station St,AMBLESIDE,TAS,7310,4822 Jacobi Knoll,ASHBOURNE,VIC,3442,30.0447373,-90.5169555
joanie.feil@yahoo.com,Evie,Boyer,163 Griffiths Lane,ALEXANDRA HEADLAND,QLD,4572,642 Farrell Station St,ADAMSTOWN,NSW,2289,36.9325529,-112.5393406
lu@yahoo.com,Mason,Champlin,943 Gabriel Manor,ASCOT,VIC,3551,9381 Sam Avenue,AVALON BEACH,NSW,2107,37.9925801,-122.5882503
junie@yahoo.com,Luke,Nguyen,30 Jessica Hill,APPLECROSS,WA,6153,3470 Wilderman Court,ANNUELLO,VIC,3549,33.8556593,-98.5911049
norene_little@gmail.com,Owen,Mason,1547 Kuhlman Junction,ALDERSHOT,QLD,4650,926 Maya Square,ANABRANCH SOUTH,NSW,2648,30.48936,-99.77201
marisha_keebler@gmail.com,Ivy,Kirlin,7639 Zara Plaza,ALMADEN,QLD,4871,42 Thomas Drive,ALLORA,QLD,4362,40.4236642,-3.7108083
betsey_gorczany@gmail.com,Abby,Jacobi,6394 Clark Estate Dr,ARMSTRONG CREEK,QLD,4520,53 Monahan Circuit,ARMIDALE,NSW,2350,44.973164,-90.3251955
allie_howe@gmail.com,Jacob,Weber,424 Jayden Terrace,ABBOTSHAM,TAS,7315,17 Alexis Estate Dr,ARCHERTON,VIC,3723,54.51634,-128.60345
valrie_predovic@hotmail.com,Callum,Wilderman,453 Jasper Drive,AMELUP,WA,6338,40 Mills Run,ALFORD,SA,5555,29.4728466,-81.145642
larry@yahoo.com,Molly,Hudson,332 Taylor Street,ALISON,NSW,2420,598 Bosco Place,ALLANSON,WA,6225,39.5921081,-106.4295599
shakita_mertz@hotmail.com,Amy,Harber,332 Christiansen Way,PORT ALI,WA,6563,427 Koch Square,BERGSTROMSTAD,TAS,8904,33.160335,-117.3520231
jillian@yahoo.com,Audrey,Cole,93 Roberts Island,ALDINGA BEACH,SA,5173,621 Isaac Loop,ALTONA NORTH,VIC,3025,43.7844262,-65.8853905
sheilah_zulauf@yahoo.com,Isabella,Bogan,552 Nathan Avenue,AYLMERTON,NSW,2575,75 Anderson Junction,ANDOVER,TAS,7120,42.9323631,-112.454833
maureen@gmail.com,Isabella,Becker,7837 John Court,ABERGLASSLYN,NSW,2320,7365 Gibson Street,ARATULA,NSW,2714,-34.2338662,142.170084
donovan.jones@yahoo.com,Alexandra,Goodwin,5493 Borer Crescent,ATKINSONS DAM,QLD,4311,5960 Sofia Street,AVOCA,TAS,7213,41.365,-95.85807
evita@gmail.com,Max,Harvey,3452 Charles Knoll,ALDINGA,SA,5173,7617 Kris Junction,AVON,NSW,2574,34.6916428,-76.8620734
nadine_bosco@yahoo.com,Annabelle,Hudson,4860 Lauren Plaza,ARIAH PARK,NSW,2665,65 Khan Plaza,ALTONA,VIC,3018,31.904223,-102.339242
pamella_hudson@gmail.com,Jake,Jacobi,894 Andrew Trail,ALDAVILLA,NSW,2440,961 Donnelly Circle,ARMATREE,NSW,2828,41.7186264,-88.3912679
grace_spencer@yahoo.com,Lola,Corkery,8166 Ebert Island,AMAMOOR,QLD,4570,1307 Bruen Crescent,ASHFIELD,QLD,4670,34.1045634,-81.2664709
augustine_oconner@gmail.com,Mackenzie,Koelpin,889 Jasmine Run,ALBERTON,QLD,4207,426 Lowe Square,ANNANGROVE,NSW,2156,29.4003911,-81.1603875
micha.morar@hotmail.com,Isla,Morissette,37 Bosco Hill,ADA,VIC,3833,6198 Nicolas Ridge,AUSTINMER,NSW,2515,37.1220922,-121.6287158
monty_rath@hotmail.com,Jacob,Thomas,5508 Cooper Mews,ALBION PARK RAIL,NSW,2527,717 Georgia Place,ANNIEBROOK,WA,6280,51.7845995,-1.4905239
clement_bosco@gmail.com,Adam,Hessel,796 Henry Manor,ARAMAC,QLD,4726,282 Chase Boulevard,ALEXANDRA,QLD,4740,49.2838904,-123.1403089
pam.stark@hotmail.com,Logan,Kemmer,77 Mia Street,ABBOTSFORD,NSW,2046,548 Schneider Summit,ARTHURTON,SA,5572,30.5421442,-92.0908032
laverna@hotmail.com,Isabelle,Hall,8726 Barrows Summit,AVELEY,WA,6069,3744 Emma View Rd,AVELEY,WA,6069,40.74149,-74.35959
deedra@yahoo.com,Audrey,Nader,217 Mason Square,AVONDALE HEIGHTS,VIC,3034,64 Thomas View Rd,ADELAIDE LEAD,VIC,3465,42.6829492,-70.6443967
shantell@gmail.com,Oscar,Brown,995 Ernser Loop,ASHFORD,NSW,2361,915 Chase Junction,ADELONG,NSW,2729,32.91537,-102.41602
neomi.prosacco@gmail.com,Anna,Grady,251 O'conner Summit,ANTILL PONDS,TAS,7120,9675 Klein Circle,AUBURN,SA,5451,40.74149,-74.35959
malorie@gmail.com,Benjamin,Schultz,326 Mitchell Manor,ANKETELL,WA,6167,4242 Finn Grove,AMHERST,VIC,3371,39.4187074,-79.3961554
anthony@yahoo.com,Samuel,Macdonald,192 Jordan Trail,ALICE,NSW,2469,7427 Sauer Summit,AVONMORE,VIC,3559,35.5380699,-81.7682082
phung@hotmail.com,Ryan,Kunde,99 Mitchell Court,ARRAWARRA,NSW,2456,56 Gabriel Grove,ANNADALE,SA,5356,43.200595,-70.88687
vonda@gmail.com,Sofia,Thomas,437 Connor Drive,ALLORA,QLD,4362,64 Imogen Boulevard,ARTHURS CREEK,VIC,3099,35.4854206,-78.827198
christopher.daugherty@hotmail.com,Levi,Gleason,2360 Dickens Loop,ACTON,ACT,2601,482 Patrick Place,ACTON,ACT,2601,30.7712566,-94.6412896
randolph@yahoo.com,Violet,Goldner,49 Owen Crescent,AVELEY,WA,6069,76 Aiden Place,ANABRANCH NORTH,NSW,2648,-34.0859375,20.9598821
fritz_hauck@yahoo.com,Owen,Casper,8828 Elijah Meadow,AFTERLEE,NSW,2474,9801 Casper Grove,ARANBANGA,QLD,4625,33.33704,-102.20657
danial@hotmail.com,Logan,Leffler,55 Doherty Loop,EAST EVIEBURY,NT,3050,622 Goodwin Island,WILSONFURT,VIC,9202,29.6635487,-98.6972619
pearlene.gusikowski@gmail.com,Amelie,Carter,917 Green Run,ANNANDALE,QLD,4814,836 Lilly Plaza,ANABRANCH NORTH,NSW,2648,36.7983333,-76.0919444
alycia@yahoo.com,Ashley,Jacobi,9614 Charli Trail,ADAMS ESTATE,VIC,3984,394 Fisher Hill,ARRINO,WA,6519,42.64846,-122.8106
rocco.tremblay@gmail.com,Stella,Tremblay,78 Cooper Circuit,ALISON,NSW,2259,2228 Hyatt Circuit,ALFRED COVE,WA,6154,-28.7945322,114.6210039
juliann.feeney@hotmail.com,Mason,Morissette,176 Cormier Drive,ALBERT,NSW,2873,11 Lily Circuit,ALBANY,WA,6330,43.2703555,-70.9492678
dale@gmail.com,Alyssa,Rowe,2338 Beau Knoll,AVENELL HEIGHTS,QLD,4670,99 Scarlett Court,ABERDEEN,NSW,2336,39.2178231,-77.2620601
elisha@gmail.com,Lachlan,Hartmann,29 Haley Lane,ARAMAC,QLD,4726,95 Quigley Ridge,ADVENTURE BAY,TAS,7150,33.8937327,-96.5708766
hosea.swift@yahoo.com,John,Kessler,1841 Clarke Plaza,ABBEYARD,VIC,3737,6567 Williams Station St,ARMADALE,VIC,3143,34.4988846,-114.3261105
cherly@hotmail.com,Lachlan,Fadel,678 Declan Summit,ARCADIA SOUTH,VIC,3631,3052 Joel Hill,AGNES WATER,QLD,4677,40.74149,-74.35959
joey@yahoo.com,Lucas,Larson,466 Wright Square,ADARE,QLD,4343,63 Mills Station St,AVELEY,WA,6069,31.143923,-81.4892202
kenny@yahoo.com,Ruby,Hoppe,293 Isaac Summit,ABERFELDY,VIC,3825,84 Edwards Island,ANGOURIE,NSW,2464,41.0207967,-81.4817785
cyndy@hotmail.com,Alana,Lynch,34 Erdman Drive,ANGAS VALLEY,SA,5238,378 Lang Station St,ALEXANDRA BRIDGE,WA,6288,27.2575873,-82.5147342
casandra_mccullough@yahoo.com,Kayla,Dietrich,52 Monahan Island,ABBA RIVER,WA,6280,824 Holly Circle,ALISON,NSW,2259,41.5133702,-71.5993218
hershel@yahoo.com,Patrick,Mclaughlin,1737 Jacobs Mews,ARBOUIN,QLD,4892,3420 Finn Pass,ALABAMA HILL,QLD,4820,51.4628437,-0.2105698
sung.olson@hotmail.com,Zac,Armstrong,629 Thompson Road,ARRAWARRA,NSW,2456,7824 Angelina Court,ALBINIA,QLD,4722,-38.0836039,144.3484037
alton@yahoo.com,Piper,King,31 Caleb Island,WEST SOPHIE,NSW,1647,828 O'keefe Court,MADELINEBURGH,ACT,1861,41.4939028,-71.3098085
lenny.rohan@hotmail.com,Archie,Bartell,8848 Cameron Mall,MITCHELLCHESTER,WA,9482,6930 Eva Way,EAST CALLUMSTAD,SA,5516,47.5398329,-116.121183
nicholas@yahoo.com,Cameron,Heaney,159 Emma Summit,ABERCROMBIE,NSW,2795,6519 Mckenzie View Rd,ASHWOOD,VIC,3147,41.0947014,-81.5545457
nathan@hotmail.com,Hamish,Khan,1843 Sophie Street,ALICE,NSW,2469,4585 Koelpin Hill,ARKELL,NSW,2795,40.1527695,-74.2257357
concepcion@yahoo.com,Amy,Kreiger,12 Clarke Circle,ARTHURS LAKE,TAS,7030,6457 Thompson Estate Dr,ALBANY CREEK,QLD,4035,42.2975279,-71.255783
margarito.sporer@gmail.com,Isabella,Fay,191 Emily Boulevard,ASHFORD,SA,5035,570 Zoe Square,ARDROSSAN,SA,5571,36.4407643,-82.3037287
keenan@yahoo.com,Sienna,Cassin,458 Jackson View Rd,ARRINO,WA,6519,21 Rose Manor,ALLANOOKA,WA,6525,35.5817707,-82.6590282
malik@gmail.com,Mia,Erdman,44 Skye Way,AIRVILLE,QLD,4807,758 Ashley Crescent,ALBERT PARK,SA,5014,44.3342387,-68.5671963
somer@yahoo.com,Sam,Bode,2220 Noah Terrace,ARTARMON,NSW,2064,1607 Keeling Crest,ARTHURS CREEK,VIC,3099,39.0278159,-76.446678
katelin.kutch@yahoo.com,Sebastian,Dooley,11 Jessica Island,ARKELL,NSW,2795,778 Thomas Plaza,AUBURN,QLD,4413,40.5381776,-74.2180385
verlie@yahoo.com,Isla,Keeling,22 David Trail,AIRDS,NSW,2560,746 Samantha Crescent,ARIAH PARK,NSW,2665,44.0935309,-79.4407785
coy_dare@gmail.com,Abby,Rees,1684 Ashley Meadow,ALLENDALE NORTH,SA,5373,298 Madison Ridge,AUSTINS FERRY,TAS,7011,53.1026604,-2.3913895
patrick@gmail.com,Hamish,Armstrong,556 Fahey Grove,ARKELL,NSW,2795,2719 Callum Boulevard,ARALUEN,NSW,2622,36.59369,-94.76912
tad@yahoo.com,Imogen,Roberts,31 Zac Island,AWABA,NSW,2283,9230 Keeling Drive,ALLGOMERA,NSW,2441,65.0,-18.0
lajuana@yahoo.com,Lilly,Bruen,354 Dietrich Place,AVON,SA,5501,47 Sebastian Ridge,AUSTRALIND,WA,6233,41.6617903,-74.8150218
jane@gmail.com,Matilda,Grady,47 Kayla Circle,WEST CHELSEA,QLD,8833,50 Feil Loop,NORTH EVE,VIC,4551,34.2255457,-86.1429536
gilbert@hotmail.com,Ashton,Kohler,222 Hahn Road,ARGOON,QLD,4702,26 Jesse Avenue,APSLEY,TAS,7030,41.8524004,-74.9093471
nicholas_funk@gmail.com,Kai,Daniel,4354 Turcotte Place,ANNANDALE,QLD,4814,8450 Oscar Run,AVONDALE,QLD,4670,45.3984432,-74.138855
karan@hotmail.com,Joshua,Mckenzie,403 Xavier Court,AVENEL,VIC,3664,5563 Harber Station St,ARMSTRONG CREEK,VIC,3217,38.5500455,-90.5071506
retta@gmail.com,Angus,Dickens,536 Paige Crescent,ANDERLEIGH,QLD,4570,942 Stella Grove,ARCHER RIVER,QLD,4892,-27.485813,153.152915
kandis@hotmail.com,Heidi,O'reilly,133 Maya Way,ALBINIA,QLD,4722,243 Fisher Run,ARMATREE,NSW,2828,38.4622777,-107.8420396
alexander_cummerata@gmail.com,Madison,Green,8257 Michael Summit,ARANBANGA,QLD,4625,58 Larson Island,ARRAWARRA,NSW,2456,37.2144856,-122.1353131
anastasia.walter@hotmail.com,Imogen,Wilkinson,749 Andrew Road,AVENUE RANGE,SA,5273,992 Watson Island,ALONNAH,TAS,7150,40.5454068,-78.3591169
benny_buckridge@yahoo.com,Max,Hill,3359 Ethan Parkway,D'AMOREBERG,SA,6861,60 Heller Hill,SOUTH ANNABELLESTAD,NT,3480,44.5078379,-73.2412461
elbert.carroll@gmail.com,Bella,Durgan,839 Kayla Grove,AMAROO,ACT,2914,3800 Mia Way,ARTHURS SEAT,VIC,3936,36.580177,-94.803381
nakisha_jenkins@gmail.com,Mia,Owen,292 Kai Mews,ABBOTSHAM,TAS,7315,360 Morgan Crescent,ARAKOON,NSW,2431,-34.0967063,18.8583805
audrea@hotmail.com,Anthony,O'hara,76 Grace Circle,ASHVILLE,SA,5259,60 Leo Way,ANNERLEY,QLD,4103,34.8065186,-92.0306773
macie@hotmail.com,Jessica,Armstrong,7960 Leannon Island,ARTHURVILLE,NSW,2820,75 Declan Grove,ARROWSMITH,WA,6525,65.0,-18.0
roosevelt_keler@yahoo.com,Charlotte,Mueller,48 Adams Plaza,AUBIGNY,QLD,4401,58 Conroy Street,ALICE CREEK,QLD,4610,51.5056302,-0.0193577
nicholle@yahoo.com,Benjamin,Phillips,14 Stokes Plaza,ASHWELL,QLD,4340,17 Wood Mall,ALLANDALE,QLD,4310,49.0900314,-123.0822674
kacy.swaniawski@hotmail.com,Darcy,Carroll,25 West Lane,ARANDA,ACT,2614,62 Luca Court,ADA,VIC,3833,43.1396155,-73.7047335
mack@yahoo.com,Lara,Kunde,31 Isabella Estate Dr,AUBURN VALE,NSW,2360,24 Klein Knoll,ALBANVALE,VIC,3021,-35.4345773,149.0940599
georgina@yahoo.com,Georgia,Bergstrom,423 Eva Meadow,ANGLE PARK,SA,5010,69 Alyssa Lane,APSLEY,TAS,7030,29.399739,-90.273865
terrence.kris@hotmail.com,Paige,Alexander,7259 Patrick Grove,ASHMORE,QLD,4214,169 Sophia Boulevard,ATHELSTONE,SA,5076,51.6904065,-0.0104614
